{
  "uc1_xgb": {
    "n_estimators": 186,
    "max_depth": 5,
    "learning_rate": 0.06620265199802525,
    "subsample": 0.9058736242891626,
    "colsample_bytree": 0.9674947145615715,
    "min_child_weight": 4,
    "gamma": 0.8686252475460445,
    "reg_alpha": 0.0241565554209179,
    "reg_lambda": 1.1411591510623108e-07
  },
  "uc1_lgbm": {
    "n_estimators": 191,
    "max_depth": 4,
    "learning_rate": 0.05977147868582167,
    "num_leaves": 32,
    "subsample": 0.9985056292046721,
    "colsample_bytree": 0.7467166033909518,
    "min_child_samples": 24,
    "reg_alpha": 5.543473215876166e-05,
    "reg_lambda": 0.6825433329203345
  },
  "uc3_xgb": {
    "n_estimators": 175,
    "max_depth": 4,
    "learning_rate": 0.061137473844841216,
    "subsample": 0.953772307757257,
    "colsample_bytree": 0.9979185883931758,
    "min_child_weight": 5,
    "gamma": 0.8562679306016918,
    "reg_alpha": 0.0033069054137644036,
    "reg_lambda": 5.0122514769102784e-05
  },
  "uc3_lgbm": {
    "n_estimators": 123,
    "max_depth": 4,
    "learning_rate": 0.08910272389851492,
    "num_leaves": 87,
    "subsample": 0.8962063440069822,
    "colsample_bytree": 0.849268037377746,
    "min_child_samples": 42,
    "reg_alpha": 0.0009173584412928935,
    "reg_lambda": 6.11707178221015e-08
  },
  "uc4_xgb": {
    "n_estimators": 299,
    "max_depth": 7,
    "learning_rate": 0.0872514609503726,
    "subsample": 0.8945091868304365,
    "colsample_bytree": 0.9299619202624447,
    "min_child_weight": 5,
    "gamma": 0.0926132493397469,
    "reg_alpha": 5.916888311187837e-05,
    "reg_lambda": 1.1031370619799981e-08
  },
  "uc4_lgbm": {
    "n_estimators": 249,
    "max_depth": 7,
    "learning_rate": 0.1758432486721304,
    "num_leaves": 87,
    "subsample": 0.9150500436759165,
    "colsample_bytree": 0.9803098534691271,
    "min_child_samples": 18,
    "reg_alpha": 2.5199672621021316e-07,
    "reg_lambda": 1.2063204830040842e-07
  }
}