{
  "uc3_threshold": 0.7426043805827579,
  "uc4_threshold": 0.261339396238327
}