{"uc3_threshold": 0.2987107038497925, "uc4_threshold": 0.413918673992157}